fecha,sitio_web,ok_count,anomaly_count,failure_count,confirmed_count,measurement_count
2026-06-16,Biblioteca Digital / Vereda,2,0,0,0,2
2026-06-18,Biblioteca Digital / Vereda,2,0,0,0,2
2026-06-19,Biblioteca Digital / Vereda,2,0,0,0,2
2026-06-20,Biblioteca Digital / Vereda,2,0,0,0,2
2026-06-21,Biblioteca Digital / Vereda,2,0,0,0,2
2026-06-22,Biblioteca Digital / Vereda,2,0,0,0,2
2026-06-23,Biblioteca Digital / Vereda,2,0,0,0,2
2026-06-24,Biblioteca Digital / Vereda,2,0,0,0,2
2026-06-25,Biblioteca Digital / Vereda,2,0,0,0,2
2026-06-26,Biblioteca Digital / Vereda,2,0,0,0,2
2026-06-27,Biblioteca Digital / Vereda,2,0,0,0,2
2026-06-28,Biblioteca Digital / Vereda,2,0,0,0,2
2026-06-29,Biblioteca Digital / Vereda,2,0,0,0,2
2026-06-30,Biblioteca Digital / Vereda,2,0,0,0,2
2026-07-01,Biblioteca Digital / Vereda,2,0,0,0,2
2026-07-02,Biblioteca Digital / Vereda,2,0,0,0,2
2026-07-03,Biblioteca Digital / Vereda,2,0,0,0,2
2026-07-04,Biblioteca Digital / Vereda,1,0,0,0,1
2026-07-05,Biblioteca Digital / Vereda,2,0,0,0,2
2026-07-06,Biblioteca Digital / Vereda,2,0,0,0,2
2026-07-07,Biblioteca Digital / Vereda,2,0,0,0,2
2026-07-08,Biblioteca Digital / Vereda,2,0,0,0,2
2026-07-09,Biblioteca Digital / Vereda,2,0,0,0,2
2026-07-10,Biblioteca Digital / Vereda,1,0,0,0,1
2026-07-11,Biblioteca Digital / Vereda,2,0,0,0,2
2026-07-12,Biblioteca Digital / Vereda,2,0,0,0,2
2026-07-13,Biblioteca Digital / Vereda,2,0,0,0,2
2026-07-14,Biblioteca Digital / Vereda,2,0,0,0,2
2026-07-15,Biblioteca Digital / Vereda,2,0,0,0,2
2026-07-16,Biblioteca Digital / Vereda,2,0,0,0,2
2026-07-17,Biblioteca Digital / Vereda,2,0,0,0,2
2026-07-18,Biblioteca Digital / Vereda,2,0,0,0,2
2026-07-19,Biblioteca Digital / Vereda,2,0,0,0,2
2026-07-20,Biblioteca Digital / Vereda,2,0,0,0,2
2026-07-21,Biblioteca Digital / Vereda,2,0,0,0,2
2026-07-22,Biblioteca Digital / Vereda,2,0,0,0,2
2026-07-23,Biblioteca Digital / Vereda,2,0,0,0,2
2026-07-24,Biblioteca Digital / Vereda,2,0,0,0,2
2026-07-25,Biblioteca Digital / Vereda,2,0,0,0,2
2026-07-26,Biblioteca Digital / Vereda,2,0,0,0,2
2026-07-27,Biblioteca Digital / Vereda,2,0,0,0,2
2026-07-28,Biblioteca Digital / Vereda,2,0,0,0,2
2026-07-29,Biblioteca Digital / Vereda,2,0,0,0,2
2026-07-30,Biblioteca Digital / Vereda,2,0,0,0,2
2026-07-31,Biblioteca Digital / Vereda,2,0,0,0,2
2026-08-01,Biblioteca Digital / Vereda,2,0,0,0,2
2026-08-02,Biblioteca Digital / Vereda,2,0,0,0,2
2026-08-03,Biblioteca Digital / Vereda,2,0,0,0,2
2026-08-04,Biblioteca Digital / Vereda,2,0,0,0,2
2026-08-05,Biblioteca Digital / Vereda,2,0,0,0,2
2026-08-06,Biblioteca Digital / Vereda,2,0,0,0,2
2026-08-07,Biblioteca Digital / Vereda,2,0,0,0,2
2026-08-08,Biblioteca Digital / Vereda,2,0,0,0,2
2026-08-09,Biblioteca Digital / Vereda,2,0,0,0,2
2026-08-10,Biblioteca Digital / Vereda,2,0,0,0,2
2026-08-11,Biblioteca Digital / Vereda,2,0,0,0,2
2026-08-12,Biblioteca Digital / Vereda,2,0,0,0,2
2026-08-13,Biblioteca Digital / Vereda,2,0,0,0,2
2026-08-14,Biblioteca Digital / Vereda,2,0,0,0,2
2026-08-15,Biblioteca Digital / Vereda,1,0,0,0,1
2026-06-16,Intranet ULA,1,0,0,0,1
2026-06-18,Intranet ULA,1,1,0,0,2
2026-06-19,Intranet ULA,1,1,0,0,2
2026-06-20,Intranet ULA,1,1,0,0,2
2026-06-21,Intranet ULA,2,0,0,0,2
2026-06-22,Intranet ULA,1,1,0,0,2
2026-06-23,Intranet ULA,1,1,0,0,2
2026-06-24,Intranet ULA,0,2,0,0,2
2026-06-25,Intranet ULA,1,1,0,0,2
2026-06-26,Intranet ULA,1,1,0,0,2
2026-06-27,Intranet ULA,0,2,0,0,2
2026-06-28,Intranet ULA,0,2,0,0,2
2026-06-29,Intranet ULA,0,2,0,0,2
2026-06-30,Intranet ULA,0,2,0,0,2
2026-07-01,Intranet ULA,1,1,0,0,2
2026-07-02,Intranet ULA,0,2,0,0,2
2026-07-03,Intranet ULA,0,2,0,0,2
2026-07-04,Intranet ULA,0,1,0,0,1
2026-07-05,Intranet ULA,0,2,0,0,2
2026-07-06,Intranet ULA,1,1,0,0,2
2026-07-07,Intranet ULA,0,2,0,0,2
2026-07-08,Intranet ULA,1,1,0,0,2
2026-07-09,Intranet ULA,1,1,0,0,2
2026-07-10,Intranet ULA,1,1,0,0,2
2026-07-11,Intranet ULA,0,2,0,0,2
2026-07-12,Intranet ULA,1,1,0,0,2
2026-07-13,Intranet ULA,1,1,0,0,2
2026-07-14,Intranet ULA,1,1,0,0,2
2026-07-15,Intranet ULA,1,1,0,0,2
2026-07-16,Intranet ULA,1,1,0,0,2
2026-07-17,Intranet ULA,1,1,0,0,2
2026-07-18,Intranet ULA,0,2,0,0,2
2026-07-19,Intranet ULA,1,1,0,0,2
2026-07-20,Intranet ULA,1,1,0,0,2
2026-07-21,Intranet ULA,1,1,0,0,2
2026-07-22,Intranet ULA,1,1,0,0,2
2026-07-23,Intranet ULA,1,1,0,0,2
2026-07-24,Intranet ULA,0,2,0,0,2
2026-07-25,Intranet ULA,0,2,0,0,2
2026-07-26,Intranet ULA,0,2,0,0,2
2026-07-27,Intranet ULA,1,1,0,0,2
2026-07-28,Intranet ULA,1,1,0,0,2
2026-07-29,Intranet ULA,1,1,0,0,2
2026-07-30,Intranet ULA,1,1,0,0,2
2026-07-31,Intranet ULA,1,1,0,0,2
2026-08-01,Intranet ULA,0,2,0,0,2
2026-08-02,Intranet ULA,0,2,0,0,2
2026-08-03,Intranet ULA,1,1,0,0,2
2026-08-04,Intranet ULA,1,1,0,0,2
2026-08-05,Intranet ULA,1,1,0,0,2
2026-08-06,Intranet ULA,1,1,0,0,2
2026-08-07,Intranet ULA,1,1,0,0,2
2026-08-08,Intranet ULA,1,1,0,0,2
2026-08-09,Intranet ULA,0,2,0,0,2
2026-08-10,Intranet ULA,1,1,0,0,2
2026-08-11,Intranet ULA,1,1,0,0,2
2026-08-12,Intranet ULA,1,1,0,0,2
2026-08-13,Intranet ULA,2,0,0,0,2
2026-08-14,Intranet ULA,1,1,0,0,2
2026-08-15,Intranet ULA,0,1,0,0,1
2026-06-16,Saber ULA,2,0,0,0,2
2026-06-18,Saber ULA,2,0,0,0,2
2026-06-19,Saber ULA,2,0,0,0,2
2026-06-20,Saber ULA,2,0,0,0,2
2026-06-21,Saber ULA,1,0,0,0,1
2026-06-22,Saber ULA,1,1,0,0,2
2026-06-23,Saber ULA,2,0,0,0,2
2026-06-24,Saber ULA,2,0,0,0,2
2026-06-25,Saber ULA,2,0,0,0,2
2026-06-26,Saber ULA,1,1,0,0,2
2026-06-27,Saber ULA,1,1,0,0,2
2026-06-28,Saber ULA,2,0,0,0,2
2026-06-29,Saber ULA,2,0,0,0,2
2026-06-30,Saber ULA,2,0,0,0,2
2026-07-01,Saber ULA,2,0,0,0,2
2026-07-02,Saber ULA,2,0,0,0,2
2026-07-03,Saber ULA,2,0,0,0,2
2026-07-04,Saber ULA,0,0,1,0,1
2026-07-05,Saber ULA,1,0,1,0,2
2026-07-06,Saber ULA,0,0,2,0,2
2026-07-07,Saber ULA,2,0,0,0,2
2026-07-08,Saber ULA,0,0,2,0,2
2026-07-09,Saber ULA,1,1,0,0,2
2026-07-10,Saber ULA,0,1,0,0,1
2026-07-11,Saber ULA,0,2,0,0,2
2026-07-12,Saber ULA,0,2,0,0,2
2026-07-13,Saber ULA,1,0,1,0,2
2026-07-14,Saber ULA,1,1,0,0,2
2026-07-15,Saber ULA,0,1,1,0,2
2026-07-16,Saber ULA,2,0,0,0,2
2026-07-17,Saber ULA,0,2,0,0,2
2026-07-18,Saber ULA,0,2,0,0,2
2026-07-19,Saber ULA,1,0,1,0,2
2026-07-20,Saber ULA,0,0,2,0,2
2026-07-21,Saber ULA,0,2,0,0,2
2026-07-22,Saber ULA,1,1,0,0,2
2026-07-23,Saber ULA,2,0,0,0,2
2026-07-24,Saber ULA,2,0,0,0,2
2026-07-25,Saber ULA,0,2,0,0,2
2026-07-26,Saber ULA,0,2,0,0,2
2026-07-27,Saber ULA,0,2,0,0,2
2026-07-28,Saber ULA,1,0,1,0,2
2026-07-29,Saber ULA,2,0,0,0,2
2026-07-30,Saber ULA,2,0,0,0,2
2026-07-31,Saber ULA,2,0,0,0,2
2026-08-01,Saber ULA,1,1,0,0,2
2026-08-02,Saber ULA,2,0,0,0,2
2026-08-03,Saber ULA,0,2,0,0,2
2026-08-04,Saber ULA,1,1,0,0,2
2026-08-05,Saber ULA,2,0,0,0,2
2026-08-06,Saber ULA,2,0,0,0,2
2026-08-07,Saber ULA,2,0,0,0,2
2026-08-08,Saber ULA,0,2,0,0,2
2026-08-09,Saber ULA,2,0,0,0,2
2026-08-10,Saber ULA,1,1,0,0,2
2026-08-11,Saber ULA,0,0,2,0,2
2026-08-12,Saber ULA,2,0,0,0,2
2026-08-13,Saber ULA,2,0,0,0,2
2026-08-14,Saber ULA,1,1,0,0,2
2026-08-15,Saber ULA,1,0,0,0,1
2026-06-16,Sistema de Grados,2,0,0,0,2
2026-06-18,Sistema de Grados,2,0,0,0,2
2026-06-19,Sistema de Grados,2,0,0,0,2
2026-06-20,Sistema de Grados,2,0,0,0,2
2026-06-21,Sistema de Grados,0,0,2,0,2
2026-06-22,Sistema de Grados,0,1,1,0,2
2026-06-23,Sistema de Grados,2,0,0,0,2
2026-06-24,Sistema de Grados,2,0,0,0,2
2026-06-25,Sistema de Grados,2,0,0,0,2
2026-06-26,Sistema de Grados,1,0,1,0,2
2026-06-27,Sistema de Grados,2,0,0,0,2
2026-06-28,Sistema de Grados,2,0,0,0,2
2026-06-29,Sistema de Grados,2,0,0,0,2
2026-06-30,Sistema de Grados,2,0,0,0,2
2026-07-01,Sistema de Grados,2,0,0,0,2
2026-07-02,Sistema de Grados,1,0,1,0,2
2026-07-03,Sistema de Grados,2,0,0,0,2
2026-07-04,Sistema de Grados,1,0,0,0,1
2026-07-05,Sistema de Grados,2,0,0,0,2
2026-07-06,Sistema de Grados,2,0,0,0,2
2026-07-07,Sistema de Grados,2,0,0,0,2
2026-07-08,Sistema de Grados,2,0,0,0,2
2026-07-09,Sistema de Grados,1,0,1,0,2
2026-07-10,Sistema de Grados,2,0,0,0,2
2026-07-11,Sistema de Grados,2,0,0,0,2
2026-07-12,Sistema de Grados,2,0,0,0,2
2026-07-13,Sistema de Grados,2,0,0,0,2
2026-07-14,Sistema de Grados,2,0,0,0,2
2026-07-15,Sistema de Grados,2,0,0,0,2
2026-07-16,Sistema de Grados,2,0,0,0,2
2026-07-17,Sistema de Grados,2,0,0,0,2
2026-07-18,Sistema de Grados,2,0,0,0,2
2026-07-19,Sistema de Grados,2,0,0,0,2
2026-07-20,Sistema de Grados,2,0,0,0,2
2026-07-21,Sistema de Grados,2,0,0,0,2
2026-07-22,Sistema de Grados,2,0,0,0,2
2026-07-23,Sistema de Grados,2,0,0,0,2
2026-07-24,Sistema de Grados,2,0,0,0,2
2026-07-25,Sistema de Grados,2,0,0,0,2
2026-07-26,Sistema de Grados,0,2,0,0,2
2026-07-27,Sistema de Grados,1,1,0,0,2
2026-07-28,Sistema de Grados,1,1,0,0,2
2026-07-29,Sistema de Grados,2,0,0,0,2
2026-07-30,Sistema de Grados,1,0,1,0,2
2026-07-31,Sistema de Grados,2,0,0,0,2
2026-08-01,Sistema de Grados,2,0,0,0,2
2026-08-02,Sistema de Grados,2,0,0,0,2
2026-08-03,Sistema de Grados,2,0,0,0,2
2026-08-04,Sistema de Grados,2,0,0,0,2
2026-08-05,Sistema de Grados,2,0,0,0,2
2026-08-06,Sistema de Grados,1,1,0,0,2
2026-08-07,Sistema de Grados,2,0,0,0,2
2026-08-08,Sistema de Grados,1,1,0,0,2
2026-08-09,Sistema de Grados,2,0,0,0,2
2026-08-10,Sistema de Grados,2,0,0,0,2
2026-08-11,Sistema de Grados,2,0,0,0,2
2026-08-12,Sistema de Grados,2,0,0,0,2
2026-08-13,Sistema de Grados,2,0,0,0,2
2026-08-14,Sistema de Grados,2,0,0,0,2
2026-08-15,Sistema de Grados,1,0,0,0,1
