Probe ID,Red / proveedor,Inicio observado,Fin observado,Ping registrados,Traceroute registrados,Observación
6978,Tiggee LLC,2026-06-15 10:01:56,2026-08-14 10:06:16,468,407,Cobertura observada durante la campaña
7594,Inter / Corporación Telemic,2026-06-15 10:00:41,2026-08-14 10:06:30,350,344,Cobertura observada durante la campaña
22510,Universidad de Los Andes,2026-07-10 10:00:34,2026-08-14 10:06:14,284,284,Incorporación posterior por omisión inicial
32877,Airtek Solutions C.A.,2026-06-15 10:01:37,2026-08-14 10:06:28,481,478,Cobertura observada durante la campaña
1003784,Telefónica Venezolana,2026-06-15 10:00:55,2026-08-14 10:05:53,481,481,Cobertura observada durante la campaña
1010206,"AT&T Enterprises, LLC",2026-06-15 10:00:46,2026-08-14 10:06:31,481,481,Cobertura observada durante la campaña
1010818,CANTV,2026-06-15 10:01:01,2026-06-24 10:05:59,73,73,Dejó de reportar durante la campaña; causa no determinada
1011292,Satnet,2026-06-15 10:01:02,2026-08-14 10:05:52,481,481,Cobertura observada durante la campaña
1014400,NetUno,2026-06-15 10:00:56,2026-08-14 10:05:55,469,469,Cobertura observada durante la campaña
